<?xml version="1.0" encoding="UTF-8"?>
<!DOCTYPE mapper PUBLIC "-//mybatis.org/DTD Mapper 3.0"
        "http://mybatis.org/dtd/mybatis-3-mapper.dtd">
<mapper namespace="com.google.demo.mapper.DataMapper">


    <!--用分页助手的话查询不能加分号-->
    <select id="loadBySeconds" parameterType="int" resultType="java.util.HashMap">
        select device.dno,dname,datano,data ,unit,date_format(day,'%Y-%m-%d %H') from device
    left join data d on device.dno = d.dno  where device.dno = #{dno} order by day desc
    </select>
    <select id="calcSecondsMaxPage" resultType="int">
        select count(*) from data where dno = #{dno}
    </select>

    <select id="loadByHour" parameterType="int" resultType="java.util.HashMap">
        select device.dno ,dname,datano ,avg(data) ,unit ,date_format(day,'%Y-%m-%d %H')
          from device left join data d on device.dno = d.dno  where device.dno = #{dno} group by hour(day)
    </select>
    <select id="calcHourMaxPage" resultType="int">
        select count(*)from (select count(*) from data group by hour(day)) t;
    </select>

    <sql id="data_col">
        datano,dno,data,day
    </sql>
    <insert id="insertBatch" parameterType="java.util.List">
        insert into data (<include refid="data_col" />)
        values
        <foreach collection="list" item="item" index="index"  separator=",">
            (default, #{item.dno}, #{item.data},#{item.day})
        </foreach>
    </insert>

</mapper>